月,日,種別,利用駅,種別,利用駅,残額,差額
03,04,繰,,,,\177,\177
03,04,現金,五反野,,,\2177,+2000
03,04,物販,,,,\1035,-1142
03,05,物販,,,,\353,-682
03,06,現金,五反野,,,\2353,+2000
03,06,物販,,,,\1146,-1207
03,07,現金,五反野,,,\2146,+1000
03,07,物販,,,,\1148,-998
03,10,現金,,,,\2148,+1000
03,10,物販,,,,\387,-1761
03,10,現金,五反野,,,\2387,+2000
03,10,物販,,,,\1526,-861
03,11,現金,五反野,,,\2526,+1000
03,11,物販,,,,\1281,-1245
03,12,現金,五反野,,,\2281,+1000
03,12,物販,,,,\1176,-1105
03,13,現金,五反野,,,\2176,+1000
03,13,物販,,,,\1026,-1150
03,14,現金,五反野,,,\2026,+1000
03,14,物販,,,,\648,-1378
03,17,物販,,,,\348,-300
03,17,現金,五反野,,,\2348,+2000
03,17,物販,,,,\1965,-383
03,18,物販,,,,\800,-1165
03,19,現金,五反野,,,\1800,+1000
03,19,物販,,,,\450,-1350
03,20,現金,,,,\1450,+1000
03,20,物販,,,,\604,-846
03,21,現金,東武栃木,,,\1604,+1000
03,21,物販,,,,\994,-610
03,22,物販,,,,\854,-140
03,23,物販,,,,\574,-280
03,24,現金,五反野,,,\1574,+1000
03,24,物販,,,,\1077,-497
03,25,現金,五反野,,,\2077,+1000
03,25,物販,,,,\861,-1216
03,26,現金,,,,\1861,+1000
03,26,物販,,,,\1006,-855
03,26,現金,,,,\2006,+1000
03,26,物販,,,,\990,-1016
03,27,現金,五反野,,,\1990,+1000
03,27,物販,,,,\1104,-886
03,28,現金,五反野,,,\2104,+1000
03,28,物販,,,,\699,-1405
03,30,現金,,,,\1699,+1000
03,30,物販,,,,\91,-1608
03,31,現金,五反野,,,\2091,+2000
03,31,物販,,,,\1562,-529
04,01,現金,,,,\2562,+1000
04,01,物販,,,,\1274,-1288
04,02,現金,五反野,,,\2274,+1000
04,02,物販,,,,\960,-1314
04,03,現金,五反野,,,\1960,+1000
04,03,物販,,,,\1505,-455
04,04,現金,五反野,,,\2505,+1000
04,04,物販,,,,\1171,-1334
04,05,現金,,,,\2171,+1000
04,05,物販,,,,\902,-1269
04,06,入,五反野,出,東武栃木,\17,-885
04,07,現金,東武栃木,,,\1017,+1000
04,07,入,東武栃木,出,五反野,\132,-885
04,07,現金,五反野,,,\1132,+1000
04,07,物販,,,,\622,-510
04,08,現金,五反野,,,\1622,+1000
04,08,物販,,,,\425,-1197
04,09,現金,五反野,,,\1425,+1000
04,09,物販,,,,\364,-1061
04,10,現金,五反野,,,\1364,+1000
04,10,物販,,,,\313,-1051
04,11,現金,五反野,,,\1313,+1000
04,11,物販,,,,\218,-1095
04,12,現金,,,,\1218,+1000
04,12,物販,,,,\495,-723
04,13,物販,,,,\387,-108
04,14,物販,,,,\257,-130
04,14,現金,五反野,,,\1257,+1000
04,14,物販,,,,\755,-502
04,15,現金,五反野,,,\1755,+1000
04,15,物販,,,,\715,-1040
04,16,現金,,,,\2715,+2000
04,16,物販,,,,\1288,-1427
04,17,現金,五反野,,,\2288,+1000
04,17,物販,,,,\1240,-1048
04,18,現金,北千住,,,\2240,+1000
04,18,物販,,,,\1084,-1156
04,19,物販,,,,\944,-140
04,21,現金,五反野,,,\1944,+1000
04,21,物販,,,,\1415,-529
04,22,現金,五反野,,,\2415,+1000
04,22,物販,,,,\1227,-1188
04,23,現金,,,,\2227,+1000
04,23,物販,,,,\995,-1232
04,24,現金,五反野,,,\1995,+1000
04,24,物販,,,,\978,-1017
04,25,現金,五反野,,,\1978,+1000
04,25,物販,,,,\1525,-453
04,26,現金,,,,\2525,+1000
04,26,物販,,,,\1928,-597
04,27,物販,,,,\234,-1694
04,28,物販,,,,\94,-140
05,03,現金,,,,\594,+500
05,06,現金,,,,\3594,+3000
05,06,物販,,,,\3464,-130
05,06,入,東武栃木,出,五反野,\2579,-885
05,06,物販,,,,\1724,-855
05,07,入,五反野,出,東武北千,\1580,-144
05,07,入,北千住,出,田町,\1278,-302
05,07,入,田町,出,北千住,\976,-302
05,07,入,東武北千,窓出,東武北千,\976,0
05,07,入,東武北千,出,五反野,\832,-144
05,07,現金,,,,\2832,+2000
05,07,物販,,,,\1594,-1238
05,09,物販,,,,\1214,-380
05,09,現金,,,,\2214,+1000
05,09,物販,,,,\1089,-1125
05,10,物販,,,,\609,-480
05,10,ｶｰﾄﾞ,モバイル,,,\1609,+1000
05,10,入,五反野,出,東武栃木,\724,-885
05,12,ｶｰﾄﾞ,モバイル,,,\9724,+9000
05,12,入,東武栃木,出,五反野,\8839,-885
05,12,物販,,,,\8224,-615
05,13,物販,,,,\7726,-498
05,14,物販,,,,\6301,-1425
05,15,物販,,,,\5052,-1249
05,16,物販,,,,\4072,-980
05,16,物販,,,,\3811,-261
05,17,物販,,,,\3148,-663
05,17,入,五反野,出,東武栃木,\2263,-885
05,17,物販,,,,\1467,-796
05,19,ｶｰﾄﾞ,モバイル,,,\9467,+8000
05,19,入,東武栃木,出,五反野,\8582,-885
05,19,物販,,,,\8015,-567
05,20,物販,,,,\7624,-391
05,21,物販,,,,\6853,-771
05,21,物販,,,,\5683,-1170
05,22,物販,,,,\4892,-791
05,22,現金,,,,\6892,+2000
05,22,物販,,,,\6404,-488
05,23,物販,,,,\5646,-758
05,23,物販,,,,\4426,-1220
05,23,物販,,,,\4210,-216
05,24,物販,,,,\3416,-794
05,24,物販,,,,\2326,-1090
05,24,物販,,,,\2206,-120
05,24,入,五反野,出,東武栃木,\1321,-885
05,25,現金,,,,\2321,+1000
05,25,現金,,,,\3321,+1000
05,25,物販,,,,\974,-2347
05,26,物販,,,,\626,-348
05,26,ｶｰﾄﾞ,モバイル,,,\8626,+8000
05,26,入,東武栃木,出,五反野,\7741,-885
05,26,物販,,,,\7064,-677
05,27,物販,,,,\6306,-758
05,27,物販,,,,\5270,-1036
05,28,物販,,,,\4286,-984
05,29,物販,,,,\3542,-744
05,29,物販,,,,\2739,-803
05,30,物販,,,,\2067,-672
05,30,物販,,,,\1053,-1014
05,30,物販,,,,\822,-231
05,31,現金,,,,\3822,+3000
05,31,物販,,,,\3606,-216
05,31,物販,,,,\2891,-715
05,31,入,五反野,出,東武栃木,\2006,-885
06,01,物販,,,,\1872,-134
06,02,入,東武栃木,出,五反野,\987,-885
06,02,物販,,,,\278,-709
06,03,ｶｰﾄﾞ,モバイル,,,\8278,+8000
06,03,物販,,,,\7636,-642
06,03,物販,,,,\6497,-1139
06,04,物販,,,,\5720,-777
06,04,物販,,,,\5234,-486
06,05,物販,,,,\4559,-675
06,05,物販,,,,\4070,-489
06,06,物販,,,,\3276,-794
06,06,物販,,,,\1708,-1568
06,07,物販,,,,\931,-777
06,07,現金,,,,\3931,+3000
06,07,物販,,,,\3528,-403
06,07,入,五反野,出,東武栃木,\2643,-885
06,07,物販,,,,\1169,-1474
06,09,ｶｰﾄﾞ,モバイル,,,\2169,+1000
06,09,ｶｰﾄﾞ,モバイル,,,\11169,+9000
06,09,入,東武栃木,出,五反野,\10284,-885
06,09,物販,,,,\9755,-529
06,10,入,五反野,出,東武北千,\9611,-144
06,10,入,北千住,出,田町,\9309,-302
06,10,物販,,,,\8390,-919
06,10,入,田町,出,北千住,\8088,-302
06,10,入,東武北千,出,五反野,\7944,-144
06,10,物販,,,,\6994,-950
06,11,入,五反野,出,東武北千,\6850,-144
06,11,入,北千住,出,田町,\6548,-302
06,11,物販,,,,\5876,-672
06,11,入,田町,出,北千住,\5574,-302
06,11,入,東武北千,出,五反野,\5430,-144
06,11,物販,,,,\4051,-1379
06,12,物販,,,,\3439,-612
06,12,物販,,,,\2414,-1025
06,13,物販,,,,\1810,-604
06,13,物販,,,,\1708,-102
06,13,現金,,,,\3708,+2000
06,13,物販,,,,\2918,-790
06,14,物販,,,,\2798,-120
06,14,入,五反野,出,東武栃木,\1913,-885
06,16,入,東武栃木,出,五反野,\1028,-885
06,16,物販,,,,\547,-481
06,16,ｶｰﾄﾞ,モバイル,,,\10547,+10000
06,17,物販,,,,\9753,-794
06,17,物販,,,,\9033,-720
06,17,物販,,,,\8581,-452
06,18,物販,,,,\8448,-133
06,18,物販,,,,\7656,-792
06,18,物販,,,,\7508,-148
06,18,現金,,,,\9508,+2000
06,18,物販,,,,\8361,-1147
06,19,物販,,,,\7426,-935
06,19,物販,,,,\6091,-1335
06,20,物販,,,,\5337,-754
06,20,物販,,,,\3999,-1338
06,21,物販,,,,\3123,-876
06,21,物販,,,,\2398,-725
06,21,物販,,,,\2268,-130
06,21,入,五反野,出,東武栃木,\1383,-885
06,21,物販,,,,\687,-696
06,23,ｶｰﾄﾞ,モバイル,,,\10687,+10000
06,23,入,東武栃木,出,五反野,\9802,-885
06,23,物販,,,,\8895,-907
06,24,物販,,,,\8108,-787
06,24,物販,,,,\7486,-622
06,25,定,田町,出,渋谷,\7321,-165
06,25,入,東急渋谷,出,高津,\7126,-195
06,25,入,高津,出,三田,\6736,-390
06,25,物販,,,,\5730,-1006
06,26,物販,,,,\4938,-792
06,26,物販,,,,\3595,-1343
06,27,物販,,,,\2943,-652
06,27,物販,,,,\1658,-1285
06,28,物販,,,,\887,-771
06,28,ｶｰﾄﾞ,モバイル,,,\2887,+2000
06,28,物販,,,,\2480,-407
06,28,入,五反野,出,東武栃木,\1595,-885
06,30,ｶｰﾄﾞ,モバイル,,,\11595,+10000
06,30,入,東武栃木,出,五反野,\10710,-885
06,30,物販,,,,\10229,-481
07,01,物販,,,,\9415,-814
07,02,物販,,,,\8684,-731
07,02,物販,,,,\7735,-949
07,03,物販,,,,\7060,-675
07,03,物販,,,,\5833,-1227
07,04,定,地北千住,出,地南千住,\5668,-165
07,04,物販,,,,\4996,-672
07,04,物販,,,,\3806,-1190
07,05,物販,,,,\3131,-675
07,05,物販,,,,\2726,-405
07,05,入,五反野,出,東武栃木,\1841,-885
07,05,物販,,,,\1144,-697
07,07,入,東武栃木,出,五反野,\259,-885
07,07,ｶｰﾄﾞ,モバイル,,,\10259,+10000
07,07,物販,,,,\9652,-607
07,08,物販,,,,\8898,-754
07,08,物販,,,,\7949,-949
07,09,物販,,,,\7173,-776
07,09,物販,,,,\6477,-696
07,10,物販,,,,\5708,-769
07,10,物販,,,,\4569,-1139
07,10,物販,,,,\4338,-231
07,11,物販,,,,\3663,-675
07,11,物販,,,,\2741,-922
07,12,精,地　上野,,,\2432,-309
07,12,入,上野,出,田町,\2267,-165
07,12,物販,,,,\1528,-739
07,12,入,田町,出,上野,\1363,-165
07,12,入,地　上野,出,五反野,\1054,-309
07,12,物販,,,,\806,-248
07,12,ｶｰﾄﾞ,モバイル,,,\2806,+2000
07,12,入,五反野,出,東武栃木,\1921,-885
07,12,物販,,,,\1024,-897
07,15,ｶｰﾄﾞ,モバイル,,,\11024,+10000
07,15,入,東武栃木,出,五反野,\10139,-885
07,15,物販,,,,\9710,-429
07,16,入,五反野,出,地　上野,\9401,-309
07,16,入,上野,出,田町,\9236,-165
07,16,物販,,,,\8482,-754
07,16,入,田町,出,上野,\8317,-165
07,16,入,地　上野,出,五反野,\8008,-309
07,16,物販,,,,\6875,-1133
07,17,入,五反野,出,仲御徒町,\6566,-309
07,17,入,御徒町,出,田町,\6401,-165
07,17,物販,,,,\5679,-722
07,17,物販,,,,\5524,-155
07,17,入,田町,出,御徒町,\5359,-165
07,17,入,仲御徒町,出,五反野,\5050,-309
07,17,物販,,,,\4077,-973
07,17,物販,,,,\3666,-411
07,18,入,五反野,出,仲御徒町,\3357,-309
07,18,入,御徒町,出,田町,\3192,-165
07,18,物販,,,,\2517,-675
07,18,入,田町,出,御徒町,\2352,-165
07,18,入,仲御徒町,出,五反野,\2043,-309
07,18,物販,,,,\977,-1066
07,19,入,五反野,出,仲御徒町,\668,-309
07,19,入,御徒町,出,田町,\503,-165
07,19,ｶｰﾄﾞ,モバイル,,,\3503,+3000
07,19,物販,,,,\2831,-672
07,19,入,田町,出,御徒町,\2666,-165
07,19,入,仲御徒町,出,五反野,\2357,-309
07,19,物販,,,,\1483,-874
07,19,入,五反野,出,東武栃木,\598,-885
07,21,ｶｰﾄﾞ,モバイル,,,\10598,+10000
07,21,入,東武栃木,窓出,東武栗橋,\10598,0
07,21,入,栗橋,出,上野,\9626,-972
07,21,入,地　上野,出,五反野,\9317,-309
07,21,物販,,,,\8700,-617
07,22,入,五反野,出,仲御徒町,\8391,-309
07,22,入,御徒町,出,田町,\8226,-165
07,22,物販,,,,\7663,-563
07,22,入,田町,出,御徒町,\7498,-165
07,22,入,仲御徒町,出,五反野,\7189,-309
07,22,物販,,,,\6244,-945
07,23,入,五反野,出,仲御徒町,\5935,-309
07,23,入,御徒町,出,田町,\5770,-165
07,23,物販,,,,\5095,-675
07,23,入,田町,出,上野,\4930,-165
07,23,入,地　上野,出,五反野,\4621,-309
07,23,物販,,,,\3383,-1238
07,24,入,五反野,出,仲御徒町,\3074,-309
07,24,入,御徒町,出,田町,\2909,-165
07,24,物販,,,,\2287,-622
07,24,入,田町,出,御徒町,\2122,-165
07,24,入,仲御徒町,出,五反野,\1813,-309
07,24,物販,,,,\1362,-451
07,25,入,五反野,出,仲御徒町,\1053,-309
07,25,入,御徒町,出,田町,\888,-165
07,25,物販,,,,\236,-652
07,25,入,田町,出,御徒町,\71,-165
07,25,ｶｰﾄﾞ,モバイル,,,\3071,+3000
07,25,入,仲御徒町,出,五反野,\2762,-309
07,25,物販,,,,\1116,-1646
07,26,入,五反野,出,仲御徒町,\807,-309
07,26,入,御徒町,出,田町,\642,-165
07,26,ｶｰﾄﾞ,モバイル,,,\3642,+3000
07,26,物販,,,,\2990,-652
07,26,入,田町,出,北千住,\2688,-302
07,26,入,東武北千,出,五反野,\2544,-144
07,26,物販,,,,\1670,-874
07,26,入,五反野,出,東武栃木,\785,-885
07,28,ｶｰﾄﾞ,モバイル,,,\10785,+10000
07,28,入,東武栃木,出,五反野,\9900,-885
07,28,物販,,,,\9422,-478
07,29,入,五反野,出,仲御徒町,\9113,-309
07,29,入,御徒町,出,田町,\8948,-165
07,29,物販,,,,\8273,-675
07,29,入,田町,出,御徒町,\8108,-165
07,29,入,仲御徒町,出,五反野,\7799,-309
07,29,物販,,,,\6483,-1316
07,30,入,五反野,出,仲御徒町,\6174,-309
07,30,入,御徒町,出,田町,\6009,-165
07,30,物販,,,,\5334,-675
07,30,入,田町,出,御徒町,\5169,-165
07,30,入,仲御徒町,出,五反野,\4860,-309
07,30,物販,,,,\3620,-1240
07,31,入,五反野,出,仲御徒町,\3311,-309
07,31,入,御徒町,出,田町,\3146,-165
07,31,物販,,,,\2494,-652
07,31,入,田町,出,東京,\2340,-154
07,31,入,地大手町,出,五反野,\2001,-339
07,31,物販,,,,\1039,-962
08,01,入,五反野,出,仲御徒町,\730,-309
08,01,入,御徒町,出,田町,\565,-165
08,01,ｶｰﾄﾞ,モバイル,,,\3565,+3000
08,01,物販,,,,\2730,-835
08,01,入,田町,出,御徒町,\2565,-165
08,01,入,仲御徒町,出,五反野,\2256,-309
08,01,物販,,,,\816,-1440
08,02,入,五反野,出,地　上野,\507,-309
08,02,入,上野,出,田町,\342,-165
08,02,ｶｰﾄﾞ,モバイル,,,\3342,+3000
08,02,物販,,,,\2627,-715
08,02,入,田町,出,御徒町,\2462,-165
08,02,入,仲御徒町,出,五反野,\2153,-309
08,02,物販,,,,\1447,-706
08,02,入,五反野,出,東武栃木,\562,-885
08,02,ｶｰﾄﾞ,モバイル,,,\1562,+1000
08,02,物販,,,,\965,-597
08,03,物販,,,,\865,-100
08,04,ｶｰﾄﾞ,モバイル,,,\10865,+10000
08,04,入,東武栃木,出,五反野,\9980,-885
08,04,物販,,,,\9376,-604
08,05,入,五反野,出,仲御徒町,\9067,-309
08,05,入,御徒町,出,田町,\8902,-165
08,05,物販,,,,\8186,-716
08,05,入,田町,出,御徒町,\8021,-165
08,05,入,仲御徒町,出,五反野,\7712,-309
08,05,物販,,,,\6631,-1081
08,06,入,五反野,出,仲御徒町,\6322,-309
08,06,入,御徒町,出,田町,\6157,-165
08,06,物販,,,,\5441,-716
08,06,入,田町,出,御徒町,\5276,-165
08,06,入,仲御徒町,出,五反野,\4967,-309
08,06,物販,,,,\3690,-1277
08,07,入,五反野,出,仲御徒町,\3381,-309
08,07,入,御徒町,出,田町,\3216,-165
08,07,物販,,,,\2411,-805
08,07,入,田町,出,御徒町,\2246,-165
08,07,入,仲御徒町,出,五反野,\1937,-309
08,07,物販,,,,\626,-1311
08,08,入,五反野,出,仲御徒町,\317,-309
08,08,入,御徒町,出,田町,\152,-165
08,08,ｶｰﾄﾞ,モバイル,,,\3152,+3000
08,08,物販,,,,\2317,-835
08,08,入,田町,出,御徒町,\2152,-165
08,08,入,仲御徒町,出,五反野,\1843,-309
08,08,入,五反野,出,東武栃木,\958,-885
08,08,ｶｰﾄﾞ,モバイル,,,\1958,+1000
08,08,物販,,,,\899,-1059
08,11,物販,,,,\769,-130
08,11,ｶｰﾄﾞ,モバイル,,,\5769,+5000
08,11,物販,,,,\3119,-2650
08,13,ｶｰﾄﾞ,モバイル,,,\5119,+2000
08,13,物販,,,,\1219,-3900
08,15,ｶｰﾄﾞ,モバイル,,,\3219,+2000
08,15,物販,,,,\1559,-1660
08,18,ｶｰﾄﾞ,モバイル,,,\11559,+10000
08,18,物販,,,,\11429,-130
08,18,入,東武栃木,出,五反野,\10544,-885
08,18,物販,,,,\9833,-711
08,19,入,五反野,出,仲御徒町,\9524,-309
08,19,入,御徒町,出,田町,\9359,-165
08,19,物販,,,,\8547,-812
08,19,入,田町,出,御徒町,\8382,-165
08,19,入,仲御徒町,出,五反野,\8073,-309
08,19,物販,,,,\7017,-1056
08,20,入,五反野,出,仲御徒町,\6708,-309
08,20,入,御徒町,出,田町,\6543,-165
08,20,物販,,,,\5890,-653
08,20,入,田町,出,御徒町,\5725,-165
08,20,入,仲御徒町,出,五反野,\5416,-309
08,20,物販,,,,\4275,-1141
08,21,入,五反野,出,仲御徒町,\3966,-309
08,21,入,御徒町,出,田町,\3801,-165
08,21,物販,,,,\3060,-741
08,21,入,田町,出,御徒町,\2895,-165
08,21,入,仲御徒町,出,五反野,\2586,-309
08,21,物販,,,,\1256,-1330
08,22,入,五反野,出,地秋葉原,\917,-339
08,22,入,秋葉原,出,田町,\752,-165
08,22,ｶｰﾄﾞ,モバイル,,,\10752,+10000
08,22,物販,,,,\9917,-835
08,22,入,田町,出,御徒町,\9752,-165
08,22,入,仲御徒町,出,五反野,\9443,-309
08,22,物販,,,,\8389,-1054
08,23,入,五反野,出,地　上野,\8080,-309
08,23,入,上野,出,田町,\7915,-165
08,23,物販,,,,\7263,-652
08,23,入,田町,出,御徒町,\7098,-165
08,23,入,仲御徒町,出,五反野,\6789,-309
08,23,物販,,,,\6413,-376
08,23,物販,,,,\6283,-130
08,23,入,五反野,出,東武栃木,\5398,-885
08,24,物販,,,,\4038,-1360
08,25,入,東武栃木,出,五反野,\3153,-885
08,25,物販,,,,\2682,-471
08,26,入,五反野,出,地　上野,\2373,-309
08,26,入,上野,出,田町,\2208,-165
08,26,物販,,,,\1454,-754
08,26,入,田町,出,秋葉原,\1289,-165
08,26,入,地秋葉原,出,五反野,\950,-339
08,26,物販,,,,\504,-446
08,27,入,五反野,出,地　上野,\195,-309
08,27,入,上野,出,田町,\30,-165
08,27,ｶｰﾄﾞ,モバイル,,,\10030,+10000
08,27,物販,,,,\9355,-675
08,27,入,田町,出,御徒町,\9190,-165
08,27,入,仲御徒町,出,地南千住,\9025,-165
08,27,入,地南千住,出,五反野,\8736,-289
08,27,物販,,,,\8210,-526
08,28,入,五反野,出,地　上野,\7901,-309
08,28,入,上野,出,田町,\7736,-165
08,28,物販,,,,\6965,-771
08,28,入,田町,出,上野,\6800,-165
08,28,入,地　上野,出,五反野,\6491,-309
08,28,物販,,,,\5397,-1094
08,29,入,五反野,出,地　上野,\5088,-309
08,29,入,上野,出,田町,\4923,-165
08,29,物販,,,,\4106,-817
08,29,入,田町,出,上野,\3941,-165
08,29,入,地　上野,出,五反野,\3632,-309
08,29,物販,,,,\2674,-958
08,30,入,五反野,出,地　上野,\2365,-309
08,30,入,上野,出,田町,\2200,-165
08,30,物販,,,,\1548,-652
08,30,入,田町,出,御徒町,\1383,-165
08,30,入,仲御徒町,出,五反野,\1074,-309
08,30,物販,,,,\691,-383
08,30,ｶｰﾄﾞ,モバイル,,,\5691,+5000
08,30,入,五反野,出,東武栃木,\4806,-885
08,31,物販,,,,\3064,-1742
09,01,物販,,,,\2934,-130
09,01,入,東武栃木,出,五反野,\2049,-885
09,01,物販,,,,\1423,-626
09,02,物販,,,,\390,-1033
09,03,ｶｰﾄﾞ,モバイル,,,\5390,+5000
09,03,物販,,,,\4321,-1069
09,04,物販,,,,\3160,-1161
09,05,物販,,,,\1797,-1363
09,06,物販,,,,\1537,-260
09,06,入,五反野,窓出,地　上野,\1537,0
09,06,物販,,,,\1289,-248
09,06,物販,,,,\1149,-140
09,06,入,五反野,出,東武栃木,\264,-885
09,06,ｶｰﾄﾞ,モバイル,,,\1264,+1000
09,06,物販,,,,\367,-897
09,08,ｶｰﾄﾞ,モバイル,,,\10367,+10000
09,08,物販,,,,\10237,-130
09,08,入,東武栃木,出,五反野,\9352,-885
09,08,物販,,,,\8602,-750
09,09,物販,,,,\7553,-1049
09,10,物販,,,,\6468,-1085
09,11,入,御徒町,出,田町,\6303,-165
09,11,物販,,,,\5203,-1100
09,12,物販,,,,\3894,-1309
09,13,物販,,,,\3551,-343
09,13,入,五反野,出,東武栃木,\2666,-885
09,13,物販,,,,\1970,-696
09,14,入,東武栃木,出,五反野,\1085,-885
09,14,入,五反野,出,東武栃木,\200,-885
09,16,ｶｰﾄﾞ,モバイル,,,\10200,+10000
09,16,物販,,,,\10070,-130
09,16,入,東武栃木,出,五反野,\9185,-885
09,16,物販,,,,\8463,-722
09,17,物販,,,,\7224,-1239
09,18,物販,,,,\6246,-978
09,19,物販,,,,\5180,-1066
09,20,物販,,,,\4021,-1159
09,21,物販,,,,\3792,-229
09,21,入,五反野,出,東武久喜,\3277,-515
09,21,入,久喜,出,栗橋,\3082,-195
09,21,物販,,,,\2952,-130
09,21,入,東武栗橋,出,東武栃木,\2489,-463
09,23,入,東武栃木,出,五反野,\1604,-885
09,23,物販,,,,\686,-918
09,24,ｶｰﾄﾞ,モバイル,,,\10686,+10000
09,24,物販,,,,\9568,-1118
09,25,物販,,,,\8690,-878
09,26,物販,,,,\7647,-1043
09,27,物販,,,,\6295,-1352
09,28,物販,,,,\6165,-130
09,28,入,五反野,出,東武栃木,\5280,-885
09,29,入,東武栃木,出,五反野,\4395,-885
09,29,物販,,,,\3914,-481
09,30,物販,,,,\3219,-695
10,01,物販,,,,\1837,-1382
10,02,物販,,,,\837,-1000
10,03,ｶｰﾄﾞ,モバイル,,,\5837,+5000
10,03,物販,,,,\4347,-1490
10,04,物販,,,,\3830,-517
10,04,入,五反野,出,東武栃木,\2928,-902
10,05,物販,,,,\2355,-573
10,05,物販,,,,\2218,-137
10,06,入,東武栃木,出,五反野,\1316,-902
10,06,物販,,,,\928,-388
10,07,ｶｰﾄﾞ,モバイル,,,\10928,+10000
10,07,物販,,,,\9321,-1607
10,08,物販,,,,\8225,-1096
10,09,物販,,,,\7098,-1127
10,10,物販,,,,\6000,-1098
10,10,物販,,,,\4797,-1203
10,11,物販,,,,\4147,-650
10,11,入,五反野,出,東武栃木,\3245,-902
10,11,物販,,,,\2318,-927
10,12,物販,,,,\340,-1978
10,14,物販,,,,\219,-121
10,14,ｶｰﾄﾞ,モバイル,,,\10219,+10000
10,14,物販,,,,\10079,-140
10,14,入,小山,出,西日暮里,\8737,-1342
10,14,入,地西日暮,出,五反野,\8442,-295
10,14,物販,,,,\7720,-722
10,15,物販,,,,\6796,-924
10,15,物販,,,,\5974,-822
10,15,物販,,,,\5298,-676
10,16,物販,,,,\4202,-1096
10,17,物販,,,,\3490,-712
10,17,物販,,,,\2886,-604
10,18,物販,,,,\2161,-725
10,18,入,五反野,出,東武久喜,\1637,-524
10,18,入,久喜,出,小山,\1043,-594
10,22,ｶｰﾄﾞ,モバイル,,,\11043,+10000
10,22,入,東武栃木,出,五反野,\10141,-902
10,23,物販,,,,\9003,-1138
10,24,物販,,,,\7674,-1329
10,25,ﾊﾞｽ等,東急バス,,,\7464,-210
10,25,物販,,,,\6017,-1447
10,26,入,五反野,出,東武栃木,\5115,-902
10,27,物販,,,,\4975,-140
10,27,入,東武栃木,出,五反野,\4073,-902
10,27,物販,,,,\3570,-503
10,28,物販,,,,\2509,-1061
10,28,物販,,,,\1976,-533
10,29,ﾊﾞｽ等,川崎市Ｂ,,,\1766,-210
10,29,物販,,,,\699,-1067
10,30,物販,,,,\139,-560
10,31,ｶｰﾄﾞ,モバイル,,,\10139,+10000
10,31,物販,,,,\9149,-990
11,01,物販,,,,\8275,-874
11,01,入,五反野,出,東武栃木,\7373,-902
11,02,物販,,,,\6344,-1029
11,02,物販,,,,\4407,-1937
11,03,入,東武栃木,出,地六本木,\3263,-1144
11,03,入,乃木坂,出,地北千住,\3021,-242
11,03,物販,,,,\2891,-130
11,03,入,東武北千,出,東武栃木,\1989,-902
11,03,物販,,,,\1389,-600
11,04,物販,,,,\1249,-140
11,04,入,東武栃木,出,五反野,\347,-902
11,04,ｶｰﾄﾞ,モバイル,,,\10347,+10000
11,04,物販,,,,\9773,-574
11,05,物販,,,,\8864,-909
11,06,物販,,,,\7615,-1249
11,07,物販,,,,\7013,-602
11,07,物販,,,,\6522,-491
11,08,物販,,,,\6132,-390
11,08,入,五反野,出,東武栃木,\5230,-902
11,08,物販,,,,\4243,-987
11,09,物販,,,,\2333,-1910
11,10,入,東武栃木,出,五反野,\1431,-902
11,10,物販,,,,\831,-600
11,11,ｶｰﾄﾞ,モバイル,,,\10831,+10000
11,11,物販,,,,\9796,-1035
11,12,物販,,,,\8773,-1023
11,13,物販,,,,\8639,-134
11,13,物販,,,,\7477,-1162
11,14,物販,,,,\6765,-712
11,14,物販,,,,\6166,-599
11,15,物販,,,,\5755,-411
11,16,入,五反野,出,東武栃木,\4853,-902
11,17,入,東武栃木,出,五反野,\3951,-902
11,17,物販,,,,\3181,-770
11,18,物販,,,,\2401,-780
11,18,物販,,,,\1830,-571
11,19,物販,,,,\966,-864
11,20,物販,,,,\141,-825
11,20,ｶｰﾄﾞ,モバイル,,,\10141,+10000
11,20,物販,,,,\9662,-479
11,21,物販,,,,\8222,-1440
11,22,物販,,,,\7572,-650
11,22,入,五反野,出,東武栃木,\6670,-902
11,23,物販,,,,\6426,-244
11,23,物販,,,,\6325,-101
11,24,入,東武栃木,出,五反野,\5423,-902
11,24,物販,,,,\4979,-444
11,25,物販,,,,\3859,-1120
11,26,物販,,,,\2707,-1152
11,27,物販,,,,\1995,-712
11,28,物販,,,,\720,-1275
11,29,ﾊﾞｽ等,東急バス,,,\510,-210
11,29,ｶｰﾄﾞ,モバイル,,,\10510,+10000
11,29,物販,,,,\10042,-468
11,29,入,五反野,出,東武栃木,\9140,-902
11,30,物販,,,,\7219,-1921
12,01,入,東武栃木,出,五反野,\6317,-902
12,01,物販,,,,\5873,-444
12,02,ﾊﾞｽ等,東急バス,,,\5663,-210
12,02,物販,,,,\4393,-1270
12,03,ﾊﾞｽ等,東急バス,,,\4183,-210
12,03,物販,,,,\2936,-1247
12,04,ｶｰﾄﾞ,モバイル,,,\12936,+10000
12,04,ﾊﾞｽ等,東急バス,,,\12726,-210
12,04,物販,,,,\11896,-830
12,05,ﾊﾞｽ等,東急バス,,,\11686,-210
12,05,物販,,,,\10235,-1451
12,06,ﾊﾞｽ等,東急バス,,,\10025,-210
12,06,物販,,,,\6395,-3630
12,06,物販,,,,\6265,-130
12,06,入,五反野,出,東武栃木,\5363,-902
12,06,物販,,,,\4319,-1044
12,07,物販,,,,\2598,-1721
12,08,物販,,,,\2458,-140
12,08,入,東武栃木,出,五反野,\1556,-902
12,08,物販,,,,\772,-784
12,09,ﾊﾞｽ等,東急バス,,,\662,-110
12,09,ｶｰﾄﾞ,モバイル,,,\10662,+10000
12,09,物販,,,,\9553,-1109
12,10,ﾊﾞｽ等,東急バス,,,\9343,-210
12,10,ﾊﾞｽ等,東急バス,,,\9133,-210
12,10,物販,,,,\8079,-1054
12,11,ﾊﾞｽ等,東急バス,,,\7869,-210
12,11,物販,,,,\6493,-1376
12,12,ﾊﾞｽ等,東急バス,,,\6283,-210
12,12,物販,,,,\4956,-1327
12,13,ﾊﾞｽ等,東急バス,,,\4846,-110
12,13,物販,,,,\4262,-584
12,13,入,五反野,出,東武栃木,\3360,-902
12,13,物販,,,,\2178,-1182
12,14,物販,,,,\218,-1960
12,15,ｶｰﾄﾞ,モバイル,,,\10218,+10000
12,15,入,東武栃木,出,五反野,\9316,-902
12,15,物販,,,,\8772,-544
12,16,ﾊﾞｽ等,東急バス,,,\8562,-210
12,16,物販,,,,\7337,-1225
12,17,物販,,,,\6183,-1154
12,18,ﾊﾞｽ等,東急バス,,,\5973,-210
12,18,ﾊﾞｽ等,東急バス,,,\5763,-210
12,18,物販,,,,\4473,-1290
12,19,ﾊﾞｽ等,東急バス,,,\4263,-210
12,19,物販,,,,\2650,-1613
12,20,ﾊﾞｽ等,東急バス,,,\2440,-210
12,20,物販,,,,\1879,-561
12,20,入,五反野,出,東武栃木,\977,-902
12,22,ｶｰﾄﾞ,モバイル,,,\10977,+10000
12,22,入,東武栃木,出,五反野,\10075,-902
12,22,物販,,,,\9256,-819
12,23,ﾊﾞｽ等,川崎市Ｂ,,,\9206,-50
12,23,物販,,,,\8160,-1046
12,24,ﾊﾞｽ等,川崎市Ｂ,,,\7950,-210
12,24,物販,,,,\7380,-570
12,24,物販,,,,\6987,-393
12,25,ﾊﾞｽ等,東急バス,,,\6777,-210
12,25,物販,,,,\5466,-1311
12,26,ﾊﾞｽ等,東急バス,,,\5256,-210
12,26,物販,,,,\3982,-1274
12,27,ﾊﾞｽ等,東急バス,,,\3772,-210
12,27,ﾊﾞｽ等,東急バス,,,\3722,-50
12,27,入,五反野,出,東武栃木,\2820,-902
12,27,物販,,,,\2155,-665
12,28,物販,,,,\1931,-224
12,29,物販,,,,\1782,-149
01,05,物販,,,,\1642,-140
01,05,入,東武栃木,出,五反野,\740,-902
01,05,物販,,,,\332,-408
01,06,ｶｰﾄﾞ,モバイル,,,\10332,+10000
01,06,物販,,,,\9103,-1229
01,07,ﾊﾞｽ等,東急バス,,,\8893,-210
01,07,物販,,,,\7870,-1023
01,08,物販,,,,\6477,-1393
01,09,物販,,,,\5569,-908
01,10,ﾊﾞｽ等,東急バス,,,\5359,-210
01,10,物販,,,,\4811,-548
01,10,入,五反野,出,東武栃木,\3909,-902
01,13,入,東武栃木,出,五反野,\3007,-902
01,13,物販,,,,\2412,-595
01,14,ﾊﾞｽ等,東急バス,,,\2202,-210
01,14,物販,,,,\1260,-942
01,15,ｶｰﾄﾞ,モバイル,,,\11260,+10000
01,15,物販,,,,\9719,-1541
01,16,ﾊﾞｽ等,東急バス,,,\9509,-210
01,16,物販,,,,\8791,-718
01,17,ﾊﾞｽ等,東急バス,,,\8581,-210
01,17,物販,,,,\8072,-509
01,17,入,五反野,出,東武栃木,\7170,-902
01,17,物販,,,,\5782,-1388
01,19,入,東武栃木,出,五反野,\4880,-902
01,19,物販,,,,\3948,-932
01,20,ﾊﾞｽ等,東急バス,,,\3838,-110
01,20,物販,,,,\2395,-1443
01,21,物販,,,,\1288,-1107
01,22,ﾊﾞｽ等,東急バス,,,\1078,-210
01,22,物販,,,,\180,-898
01,23,ｶｰﾄﾞ,モバイル,,,\10180,+10000
01,23,物販,,,,\8736,-1444
01,24,物販,,,,\8381,-355
01,24,ﾊﾞｽ等,東急バス,,,\8171,-210
01,24,物販,,,,\7774,-397
01,24,入,五反野,出,東武栃木,\6872,-902
01,26,物販,,,,\6732,-140
01,26,入,東武栃木,出,五反野,\5830,-902
01,26,物販,,,,\5043,-787
01,27,物販,,,,\4033,-1010
01,28,ﾊﾞｽ等,東急バス,,,\3823,-210
01,28,物販,,,,\2691,-1132
01,29,物販,,,,\1675,-1016
01,30,物販,,,,\1395,-280
01,30,物販,,,,\1235,-160
01,30,物販,,,,\745,-490
01,30,ｶｰﾄﾞ,モバイル,,,\10745,+10000
01,30,物販,,,,\9912,-833
01,31,物販,,,,\9074,-838
01,31,入,五反野,出,東武栃木,\8172,-902
01,31,物販,,,,\8042,-130
02,03,物販,,,,\6342,-1700
02,03,物販,,,,\6202,-140
02,03,入,東武栃木,出,五反野,\5300,-902
02,03,物販,,,,\2656,-2644
02,03,物販,,,,\2384,-272
02,04,物販,,,,\1440,-944
02,05,物販,,,,\826,-614
02,05,ｶｰﾄﾞ,モバイル,,,\10826,+10000
02,05,物販,,,,\9028,-1798
02,06,物販,,,,\8385,-643
02,06,物販,,,,\7583,-802
02,07,物販,,,,\6876,-707
02,07,物販,,,,\6736,-140
02,07,入,五反野,出,東武栃木,\5834,-902
02,08,物販,,,,\4356,-1478
02,11,物販,,,,\4216,-140
02,11,入,東武栃木,出,五反野,\3314,-902
02,11,物販,,,,\2531,-783
02,12,物販,,,,\1822,-709
02,12,ｶｰﾄﾞ,モバイル,,,\11822,+10000
02,12,入,五反野,出,東武北千,\11675,-147
02,12,入,北千住,出,川崎,\11202,-473
02,12,入,川崎,出,秋葉原,\10806,-396
02,12,入,地秋葉原,出,五反野,\10460,-346
02,12,物販,,,,\9608,-852
02,12,物販,,,,\9046,-562
02,13,物販,,,,\8296,-750
02,13,物販,,,,\8166,-130
02,13,入,五反野,出,東武栃木,\7264,-902
02,14,物販,,,,\5244,-2020
02,15,物販,,,,\5049,-195
02,15,物販,,,,\4939,-110
02,15,物販,,,,\4829,-110
02,19,物販,,,,\3708,-1121
02,22,物販,,,,\3018,-690
02,22,物販,,,,\2871,-147
02,23,物販,,,,\1207,-1664
02,24,ｶｰﾄﾞ,モバイル,,,\11207,+10000
02,24,入,東武栃木,出,五反野,\10305,-902
02,24,物販,,,,\9802,-503
02,25,入,五反野,出,東武北千,\9655,-147
02,25,入,北千住,出,川崎,\9182,-473
02,25,物販,,,,\9062,-120
02,25,物販,,,,\8793,-269
02,25,物販,,,,\8673,-120
02,25,物販,,,,\8570,-103
02,25,物販,,,,\8440,-130
02,25,入,川崎,出,上野,\8044,-396
02,25,入,地　上野,出,五反野,\7729,-315
02,25,物販,,,,\6673,-1056
02,26,入,五反野,出,東武北千,\6526,-147
02,26,入,北千住,出,川崎,\6053,-473
02,26,物販,,,,\5933,-120
02,26,物販,,,,\5813,-120
02,26,物販,,,,\5683,-130
02,26,入,川崎,出,上野,\5287,-396
02,26,入,地　上野,出,五反野,\4972,-315
02,26,物販,,,,\3579,-1393
02,27,入,五反野,出,東武北千,\3432,-147
02,27,入,北千住,出,川崎,\2959,-473
02,27,物販,,,,\2839,-120
02,27,物販,,,,\2709,-130
02,27,入,川崎,出,上野,\2313,-396
02,27,入,地　上野,出,五反野,\1998,-315
02,27,物販,,,,\866,-1132
02,28,入,五反野,出,東武北千,\719,-147
02,28,物販,,,,\515,-204
02,28,入,北千住,出,川崎,\42,-473
02,28,ｶｰﾄﾞ,モバイル,,,\10042,+10000
02,28,物販,,,,\9922,-120
02,28,物販,,,,\9802,-120
02,28,入,川崎,出,上野,\9406,-396
02,28,入,地　上野,出,五反野,\9091,-315
02,28,物販,,,,\7951,-1140
02,29,物販,,,,\7821,-130
02,29,入,五反野,出,東武栃木,\6919,-902
03,01,入,東武栃木,出,五反野,\6017,-902
03,01,物販,,,,\5491,-526
03,02,物販,,,,\5287,-204
03,02,物販,,,,\5147,-140
03,02,物販,,,,\5024,-123
03,02,物販,,,,\4227,-797
03,03,物販,,,,\4107,-120
03,03,物販,,,,\3977,-130
03,03,物販,,,,\3857,-120
03,03,物販,,,,\2720,-1137
03,04,物販,,,,\2600,-120
03,04,物販,,,,\2480,-120
03,04,物販,,,,\2360,-120
03,04,物販,,,,\2230,-130
03,04,物販,,,,\1196,-1034
03,05,物販,,,,\1076,-120
03,05,物販,,,,\956,-120
03,05,物販,,,,\816,-140
03,05,物販,,,,\676,-140
03,05,ｶｰﾄﾞ,モバイル,,,\10676,+10000
03,05,物販,,,,\9854,-822
03,06,物販,,,,\9734,-120
03,06,物販,,,,\9594,-140
03,06,物販,,,,\9464,-130
03,06,物販,,,,\8508,-956
03,07,入,五反野,出,東武栃木,\7606,-902
03,08,入,東武栃木,出,五反野,\6704,-902
03,08,物販,,,,\6034,-670
03,09,物販,,,,\5914,-120
03,09,物販,,,,\5794,-120
03,09,物販,,,,\5654,-140
03,09,物販,,,,\4458,-1196
03,10,物販,,,,\4338,-120
03,10,物販,,,,\4218,-120
03,10,物販,,,,\4088,-130
03,10,入,地　上野,定,地北千住,\3920,-168
03,10,物販,,,,\2800,-1120
03,11,物販,,,,\2680,-120
03,11,物販,,,,\2550,-130
03,11,物販,,,,\2430,-120
03,11,物販,,,,\2300,-130
03,11,物販,,,,\1306,-994
03,12,物販,,,,\1186,-120
03,12,物販,,,,\1066,-120
03,12,物販,,,,\936,-130
03,12,ｶｰﾄﾞ,モバイル,,,\10936,+10000
03,12,物販,,,,\9585,-1351
03,13,物販,,,,\9465,-120
03,13,物販,,,,\9345,-120
03,13,物販,,,,\9225,-120
03,13,物販,,,,\8500,-725
03,13,入,五反野,出,東武栃木,\7598,-902
03,14,物販,,,,\7438,-160
03,15,入,東武栃木,出,五反野,\6536,-902
03,15,物販,,,,\6098,-438
03,16,物販,,,,\5978,-120
03,16,物販,,,,\5858,-120
03,16,物販,,,,\5718,-140
03,16,物販,,,,\4333,-1385
03,17,物販,,,,\4213,-120
03,17,物販,,,,\4093,-120
03,17,物販,,,,\3953,-140
03,17,入,川崎,出,武蔵小杉,\3785,-168
03,17,入,武蔵小杉,出,川崎,\3617,-168
03,17,物販,,,,\2392,-1225
03,18,物販,,,,\2272,-120
03,18,物販,,,,\2152,-120
03,18,物販,,,,\2012,-140
03,18,物販,,,,\1882,-130
03,18,物販,,,,\1099,-783
03,19,物販,,,,\979,-120
03,19,物販,,,,\859,-120
03,19,物販,,,,\719,-140
03,19,物販,,,,\589,-130
03,20,ｶｰﾄﾞ,モバイル,,,\10589,+10000
03,20,物販,,,,\9566,-1023
03,20,物販,,,,\9446,-120
03,20,物販,,,,\9034,-412
03,20,物販,,,,\7851,-1183
03,21,物販,,,,\7721,-130
03,21,入,五反野,出,東武栃木,\6819,-902
03,22,入,東武栃木,出,五反野,\5917,-902
03,23,物販,,,,\5797,-120
03,23,物販,,,,\5677,-120
03,23,物販,,,,\5054,-623
03,24,物販,,,,\4580,-474
03,24,物販,,,,\4030,-550
03,24,物販,,,,\3240,-790
03,24,物販,,,,\2690,-550
03,24,物販,,,,\2473,-217
03,24,物販,,,,\1571,-902
